,City,Avg. Rating,Avg. Salary,Nr. Companies Funded,Sum Funding ($MM)
0,Bangalore,3.9202323330106483,735344.7395934173,425,14327.42
1,Chennai,3.902725793327909,584559.6615134255,40,717.14
2,Hyderabad,3.914483993731811,679099.1573763152,34,243.96
3,Jaipur,3.9407407407407407,629135.8024691358,11,343.3
4,Kolkata,4.024719101123595,710925.5730337079,5,28.0
5,Mumbai,3.881708945260347,961180.3684913218,200,153830.3
6,New Delhi,3.9434147509578548,658756.735632184,143,1673.01
7,Pune,3.886082474226804,690476.3111527647,46,509.07
